Bedrooms,Avg_Rent,Min_Rent,Max_Rent,Total Rentals,Date,City,Zip,Population,Median Household Income,City_Zip
1,806,750,862,2,2020-04,Springfield,01104,23150,40884,Springfield_01104
2,1076.25,900,1225,12,2020-04,Springfield,01104,23150,40884,Springfield_01104
3,1201.36,975,1550,11,2020-04,Springfield,01104,23150,40884,Springfield_01104
4,1450,1450,1450,1,2020-04,Springfield,01104,23150,40884,Springfield_01104
1,835.67,750,895,3,2020-05,Springfield,01104,23150,40884,Springfield_01104
2,1101.67,900,1300,12,2020-05,Springfield,01104,23150,40884,Springfield_01104
3,1157.22,975,1300,9,2020-05,Springfield,01104,23150,40884,Springfield_01104
4,1450,1450,1450,1,2020-05,Springfield,01104,23150,40884,Springfield_01104
1,835.67,750,895,3,2020-06,Springfield,01104,23150,40884,Springfield_01104
2,1109.5,950,1300,10,2020-06,Springfield,01104,23150,40884,Springfield_01104
3,1183.18,975,1300,11,2020-06,Springfield,01104,23150,40884,Springfield_01104
4,1225,1000,1450,2,2020-06,Springfield,01104,23150,40884,Springfield_01104
1,878.5,862,895,2,2020-07,Springfield,01104,23150,40884,Springfield_01104
2,1110.56,950,1300,9,2020-07,Springfield,01104,23150,40884,Springfield_01104
3,1220,1000,1300,12,2020-07,Springfield,01104,23150,40884,Springfield_01104
4,1225,1000,1450,2,2020-07,Springfield,01104,23150,40884,Springfield_01104
1,878.5,862,895,2,2020-08,Springfield,01104,23150,40884,Springfield_01104
2,1142.5,950,1325,4,2020-08,Springfield,01104,23150,40884,Springfield_01104
3,1289,1195,1395,10,2020-08,Springfield,01104,23150,40884,Springfield_01104
4,1225,1000,1450,2,2020-08,Springfield,01104,23150,40884,Springfield_01104
1,878.5,862,895,2,2020-09,Springfield,01104,23150,40884,Springfield_01104
2,1462.5,1325,1600,2,2020-09,Springfield,01104,23150,40884,Springfield_01104
3,1313.57,1300,1395,7,2020-09,Springfield,01104,23150,40884,Springfield_01104
4,1225,1000,1450,2,2020-09,Springfield,01104,23150,40884,Springfield_01104
0,725,725,725,1,2020-10,Springfield,01104,23150,40884,Springfield_01104
1,878.5,862,895,2,2020-10,Springfield,01104,23150,40884,Springfield_01104
2,1462.5,1325,1600,2,2020-10,Springfield,01104,23150,40884,Springfield_01104
3,1280.63,1100,1395,8,2020-10,Springfield,01104,23150,40884,Springfield_01104
0,725,725,725,1,2020-11,Springfield,01104,23150,40884,Springfield_01104
1,878.5,862,895,2,2020-11,Springfield,01104,23150,40884,Springfield_01104
2,1318.5,1149,1600,4,2020-11,Springfield,01104,23150,40884,Springfield_01104
3,1250,1100,1350,4,2020-11,Springfield,01104,23150,40884,Springfield_01104
0,725,725,725,1,2020-12,Springfield,01104,23150,40884,Springfield_01104
1,878.5,862,895,2,2020-12,Springfield,01104,23150,40884,Springfield_01104
2,1289.8,1149,1600,5,2020-12,Springfield,01104,23150,40884,Springfield_01104
3,1250,1100,1350,4,2020-12,Springfield,01104,23150,40884,Springfield_01104
0,725,725,725,1,2021-01,Springfield,01104,23150,40884,Springfield_01104
1,878.5,862,895,2,2021-01,Springfield,01104,23150,40884,Springfield_01104
2,1281,1149,1600,4,2021-01,Springfield,01104,23150,40884,Springfield_01104
3,1320,1100,1600,5,2021-01,Springfield,01104,23150,40884,Springfield_01104
1,903.5,862,945,2,2021-02,Springfield,01104,23150,40884,Springfield_01104
2,1181,1149,1200,4,2021-02,Springfield,01104,23150,40884,Springfield_01104
3,1310,1100,1600,5,2021-02,Springfield,01104,23150,40884,Springfield_01104
1,903.5,862,945,2,2021-03,Springfield,01104,23150,40884,Springfield_01104
2,1168.75,1100,1200,4,2021-03,Springfield,01104,23150,40884,Springfield_01104
3,1310,1100,1600,5,2021-03,Springfield,01104,23150,40884,Springfield_01104
1,903.5,862,945,2,2021-04,Springfield,01104,23150,40884,Springfield_01104
2,1150,1100,1200,2,2021-04,Springfield,01104,23150,40884,Springfield_01104
3,1273.75,1100,1600,4,2021-04,Springfield,01104,23150,40884,Springfield_01104
1,935.5,926,945,2,2021-05,Springfield,01104,23150,40884,Springfield_01104
2,1150,1100,1200,2,2021-05,Springfield,01104,23150,40884,Springfield_01104
3,1273.75,1100,1600,4,2021-05,Springfield,01104,23150,40884,Springfield_01104
1,935.5,926,945,2,2021-06,Springfield,01104,23150,40884,Springfield_01104
2,1150,1100,1200,2,2021-06,Springfield,01104,23150,40884,Springfield_01104
3,1165,1100,1200,3,2021-06,Springfield,01104,23150,40884,Springfield_01104
2,1132,900,1295,5,2021-11,Springfield,01104,23150,40884,Springfield_01104
3,1299.4,1097,1450,5,2021-11,Springfield,01104,23150,40884,Springfield_01104
5,1749,1749,1749,1,2021-11,Springfield,01104,23150,40884,Springfield_01104
2,1123,900,1250,5,2021-12,Springfield,01104,23150,40884,Springfield_01104
3,1332,1097,1495,6,2021-12,Springfield,01104,23150,40884,Springfield_01104
5,1749,1749,1749,1,2021-12,Springfield,01104,23150,40884,Springfield_01104
1,975,975,975,1,2021-10,Springfield,01104,23150,40884,Springfield_01104
2,1151.43,900,1295,7,2021-10,Springfield,01104,23150,40884,Springfield_01104
3,1332,1097,1495,6,2021-10,Springfield,01104,23150,40884,Springfield_01104
5,1749,1749,1749,1,2021-10,Springfield,01104,23150,40884,Springfield_01104
1,975,975,975,1,2021-09,Springfield,01104,23150,40884,Springfield_01104
2,1151.43,900,1295,7,2021-09,Springfield,01104,23150,40884,Springfield_01104
3,1332,1097,1495,6,2021-09,Springfield,01104,23150,40884,Springfield_01104
5,1749,1749,1749,1,2021-09,Springfield,01104,23150,40884,Springfield_01104
1,975,975,975,1,2021-08,Springfield,01104,23150,40884,Springfield_01104
2,1151.43,900,1295,7,2021-08,Springfield,01104,23150,40884,Springfield_01104
3,1312.43,1097,1495,7,2021-08,Springfield,01104,23150,40884,Springfield_01104
5,1749,1749,1749,1,2021-08,Springfield,01104,23150,40884,Springfield_01104
1,975,975,975,1,2021-07,Springfield,01104,23150,40884,Springfield_01104
2,1151.43,900,1295,7,2021-07,Springfield,01104,23150,40884,Springfield_01104
3,1312.43,1097,1495,7,2021-07,Springfield,01104,23150,40884,Springfield_01104
5,1749,1749,1749,1,2021-07,Springfield,01104,23150,40884,Springfield_01104
2,1133,1000,1250,5,2022-01,Springfield,01104,23150,40884,Springfield_01104
3,1261.17,862,1450,6,2022-01,Springfield,01104,23150,40884,Springfield_01104
4,1000,1000,1000,1,2022-01,Springfield,01104,23150,40884,Springfield_01104
5,1749,1749,1749,1,2022-01,Springfield,01104,23150,40884,Springfield_01104
1,1000,1000,1000,1,2022-02,Springfield,01104,23150,40884,Springfield_01104
2,1174.17,1000,1450,6,2022-02,Springfield,01104,23150,40884,Springfield_01104
3,1295.29,862,1500,7,2022-02,Springfield,01104,23150,40884,Springfield_01104
4,1000,1000,1000,1,2022-02,Springfield,01104,23150,40884,Springfield_01104
1,1000,1000,1000,1,2022-03,Springfield,01104,23150,40884,Springfield_01104
2,1174.17,1000,1450,6,2022-03,Springfield,01104,23150,40884,Springfield_01104
3,1273.83,888,1500,6,2022-03,Springfield,01104,23150,40884,Springfield_01104
4,1000,1000,1000,1,2022-03,Springfield,01104,23150,40884,Springfield_01104
1,950,950,950,1,2022-04,Springfield,01104,23150,40884,Springfield_01104
2,1119,1000,1250,5,2022-04,Springfield,01104,23150,40884,Springfield_01104
3,1313.29,888,1550,7,2022-04,Springfield,01104,23150,40884,Springfield_01104
4,1000,1000,1000,1,2022-04,Springfield,01104,23150,40884,Springfield_01104
1,950,950,950,1,2022-05,Springfield,01104,23150,40884,Springfield_01104
2,1148.75,1095,1250,4,2022-05,Springfield,01104,23150,40884,Springfield_01104
3,1355.86,888,1550,7,2022-05,Springfield,01104,23150,40884,Springfield_01104
1,1008.33,950,1050,3,2022-06,Springfield,01104,23150,40884,Springfield_01104
2,1337.5,1100,1700,4,2022-06,Springfield,01104,23150,40884,Springfield_01104
3,1280.33,988,1500,3,2022-06,Springfield,01104,23150,40884,Springfield_01104
1,1008.33,950,1050,3,2022-07,Springfield,01104,23150,40884,Springfield_01104
2,1400,1400,1400,1,2022-07,Springfield,01104,23150,40884,Springfield_01104
3,1380.33,988,1800,3,2022-07,Springfield,01104,23150,40884,Springfield_01104
1,1008.33,950,1050,3,2022-08,Springfield,01104,23150,40884,Springfield_01104
2,1200,1000,1400,2,2022-08,Springfield,01104,23150,40884,Springfield_01104
3,1380.33,988,1800,3,2022-08,Springfield,01104,23150,40884,Springfield_01104
1,1008.33,950,1050,3,2022-09,Springfield,01104,23150,40884,Springfield_01104
2,1166.67,1000,1400,3,2022-09,Springfield,01104,23150,40884,Springfield_01104
3,1429.33,988,1800,3,2022-09,Springfield,01104,23150,40884,Springfield_01104
1,1025,1025,1025,1,2022-10,Springfield,01104,23150,40884,Springfield_01104
2,1066.67,1000,1100,3,2022-10,Springfield,01104,23150,40884,Springfield_01104
3,1681.33,988,2000,6,2022-10,Springfield,01104,23150,40884,Springfield_01104
4,1695,1695,1695,1,2022-10,Springfield,01104,23150,40884,Springfield_01104
1,1025,1025,1025,1,2022-11,Springfield,01104,23150,40884,Springfield_01104
2,1150,1000,1400,4,2022-11,Springfield,01104,23150,40884,Springfield_01104
3,1555.43,800,2000,7,2022-11,Springfield,01104,23150,40884,Springfield_01104
4,1695,1695,1695,1,2022-11,Springfield,01104,23150,40884,Springfield_01104
0,2185.45,905,5000,20,2020-04,Boston,02128,47804,63378,Boston_02128
1,2029.16,800,3200,82,2020-04,Boston,02128,47804,63378,Boston_02128
2,2416.19,1000,4200,162,2020-04,Boston,02128,47804,63378,Boston_02128
3,2848.9,1800,5320,101,2020-04,Boston,02128,47804,63378,Boston_02128
4,3116.76,700,4000,34,2020-04,Boston,02128,47804,63378,Boston_02128
5,3910,3200,4800,5,2020-04,Boston,02128,47804,63378,Boston_02128
0,2196.59,905,5900,22,2020-05,Boston,02128,47804,63378,Boston_02128
1,1963.84,800,3200,107,2020-05,Boston,02128,47804,63378,Boston_02128
2,2471.59,1000,5900,192,2020-05,Boston,02128,47804,63378,Boston_02128
3,2892.73,1800,5320,120,2020-05,Boston,02128,47804,63378,Boston_02128
4,3156.29,700,4200,35,2020-05,Boston,02128,47804,63378,Boston_02128
5,3800,3200,4400,2,2020-05,Boston,02128,47804,63378,Boston_02128
0,1912.17,895,5900,30,2020-06,Boston,02128,47804,63378,Boston_02128
1,1946.51,800,3200,146,2020-06,Boston,02128,47804,63378,Boston_02128
2,2418.7,1000,5900,264,2020-06,Boston,02128,47804,63378,Boston_02128
3,2842.17,1700,5320,149,2020-06,Boston,02128,47804,63378,Boston_02128
4,3121.05,750,4200,62,2020-06,Boston,02128,47804,63378,Boston_02128
5,3940,3200,4800,5,2020-06,Boston,02128,47804,63378,Boston_02128
0,1951.72,895,5900,32,2020-07,Boston,02128,47804,63378,Boston_02128
1,1934.48,905,3000,165,2020-07,Boston,02128,47804,63378,Boston_02128
2,2407.78,1000,5900,302,2020-07,Boston,02128,47804,63378,Boston_02128
3,2811.93,1700,5320,180,2020-07,Boston,02128,47804,63378,Boston_02128
4,3139.26,750,4400,69,2020-07,Boston,02128,47804,63378,Boston_02128
5,4225,3650,4800,6,2020-07,Boston,02128,47804,63378,Boston_02128
0,1961,895,5900,27,2020-08,Boston,02128,47804,63378,Boston_02128
1,1896.26,825,2900,174,2020-08,Boston,02128,47804,63378,Boston_02128
2,2357.12,1000,5900,341,2020-08,Boston,02128,47804,63378,Boston_02128
3,2714.24,1200,4300,201,2020-08,Boston,02128,47804,63378,Boston_02128
4,3020,650,4400,88,2020-08,Boston,02128,47804,63378,Boston_02128
5,4107.14,3650,4600,7,2020-08,Boston,02128,47804,63378,Boston_02128
0,1951.43,925,5900,21,2020-09,Boston,02128,47804,63378,Boston_02128
1,1821.05,860,2875,191,2020-09,Boston,02128,47804,63378,Boston_02128
2,2329.01,1500,5900,343,2020-09,Boston,02128,47804,63378,Boston_02128
3,2660.31,1200,4400,203,2020-09,Boston,02128,47804,63378,Boston_02128
4,3003.24,650,4400,88,2020-09,Boston,02128,47804,63378,Boston_02128
5,3825,2500,4600,8,2020-09,Boston,02128,47804,63378,Boston_02128
0,2077.79,1500,5900,19,2020-10,Boston,02128,47804,63378,Boston_02128
1,1761.57,600,2800,174,2020-10,Boston,02128,47804,63378,Boston_02128
2,2249.08,1500,4200,325,2020-10,Boston,02128,47804,63378,Boston_02128
3,2642.96,1200,4400,192,2020-10,Boston,02128,47804,63378,Boston_02128
4,2969.7,650,5000,83,2020-10,Boston,02128,47804,63378,Boston_02128
5,3706.25,2500,4600,8,2020-10,Boston,02128,47804,63378,Boston_02128
0,2092.52,1500,5900,21,2020-11,Boston,02128,47804,63378,Boston_02128
1,1730.96,600,2800,166,2020-11,Boston,02128,47804,63378,Boston_02128
2,2204.79,1500,3600,300,2020-11,Boston,02128,47804,63378,Boston_02128
3,2568.89,1200,4400,159,2020-11,Boston,02128,47804,63378,Boston_02128
4,2827.25,650,5000,71,2020-11,Boston,02128,47804,63378,Boston_02128
5,3685.71,2500,4600,7,2020-11,Boston,02128,47804,63378,Boston_02128
0,1901.25,1500,3500,20,2020-12,Boston,02128,47804,63378,Boston_02128
1,1693.72,600,2500,151,2020-12,Boston,02128,47804,63378,Boston_02128
2,2178.72,1475,3600,264,2020-12,Boston,02128,47804,63378,Boston_02128
3,2484.91,1200,4400,134,2020-12,Boston,02128,47804,63378,Boston_02128
4,2821.47,600,5000,58,2020-12,Boston,02128,47804,63378,Boston_02128
5,3114.29,900,4600,7,2020-12,Boston,02128,47804,63378,Boston_02128
0,1932.81,1500,3500,16,2021-01,Boston,02128,47804,63378,Boston_02128
1,1673.57,600,2600,135,2021-01,Boston,02128,47804,63378,Boston_02128
2,2186.97,1475,3500,221,2021-01,Boston,02128,47804,63378,Boston_02128
3,2471.29,1200,4000,99,2021-01,Boston,02128,47804,63378,Boston_02128
4,2816.25,600,5000,40,2021-01,Boston,02128,47804,63378,Boston_02128
5,2750,900,3700,4,2021-01,Boston,02128,47804,63378,Boston_02128
0,1807.42,1350,3500,26,2021-02,Boston,02128,47804,63378,Boston_02128
1,1705.44,700,2600,162,2021-02,Boston,02128,47804,63378,Boston_02128
2,2169.91,1550,3500,263,2021-02,Boston,02128,47804,63378,Boston_02128
3,2577.48,1200,4430,130,2021-02,Boston,02128,47804,63378,Boston_02128
4,3034.43,600,5000,61,2021-02,Boston,02128,47804,63378,Boston_02128
5,3150,900,3700,8,2021-02,Boston,02128,47804,63378,Boston_02128
0,1837.74,1350,3500,23,2021-03,Boston,02128,47804,63378,Boston_02128
1,1705.92,700,2695,153,2021-03,Boston,02128,47804,63378,Boston_02128
2,2188.55,1550,3600,226,2021-03,Boston,02128,47804,63378,Boston_02128
3,2596.39,1200,4430,120,2021-03,Boston,02128,47804,63378,Boston_02128
4,3026.25,600,5000,56,2021-03,Boston,02128,47804,63378,Boston_02128
5,3150,900,3700,8,2021-03,Boston,02128,47804,63378,Boston_02128
0,1834.91,1350,3500,22,2021-04,Boston,02128,47804,63378,Boston_02128
1,1745.13,700,2695,106,2021-04,Boston,02128,47804,63378,Boston_02128
2,2207.07,1550,3600,143,2021-04,Boston,02128,47804,63378,Boston_02128
3,2654.24,1200,4430,95,2021-04,Boston,02128,47804,63378,Boston_02128
4,3176.13,2300,5000,40,2021-04,Boston,02128,47804,63378,Boston_02128
5,3583.33,3300,3700,6,2021-04,Boston,02128,47804,63378,Boston_02128
0,1878.65,1350,3500,23,2021-05,Boston,02128,47804,63378,Boston_02128
1,1740.22,700,2800,114,2021-05,Boston,02128,47804,63378,Boston_02128
2,2251.57,1550,4200,160,2021-05,Boston,02128,47804,63378,Boston_02128
3,2673.56,1200,4430,102,2021-05,Boston,02128,47804,63378,Boston_02128
4,3153.63,2300,5000,40,2021-05,Boston,02128,47804,63378,Boston_02128
5,3583.33,3300,3700,6,2021-05,Boston,02128,47804,63378,Boston_02128
0,1966.72,1350,3500,25,2021-06,Boston,02128,47804,63378,Boston_02128
1,1768.58,700,3000,109,2021-06,Boston,02128,47804,63378,Boston_02128
2,2248.7,1550,4200,160,2021-06,Boston,02128,47804,63378,Boston_02128
3,2698.14,1200,4430,103,2021-06,Boston,02128,47804,63378,Boston_02128
4,3129.03,2300,4600,36,2021-06,Boston,02128,47804,63378,Boston_02128
5,3750,3300,4500,6,2021-06,Boston,02128,47804,63378,Boston_02128
0,2278.53,925,3045,36,2021-11,Boston,02128,47804,63378,Boston_02128
1,2314.34,800,4155,151,2021-11,Boston,02128,47804,63378,Boston_02128
2,3058.93,1600,6110,188,2021-11,Boston,02128,47804,63378,Boston_02128
3,2746.8,1700,4755,111,2021-11,Boston,02128,47804,63378,Boston_02128
4,3019.5,700,4000,50,2021-11,Boston,02128,47804,63378,Boston_02128
5,3510.42,825,4500,12,2021-11,Boston,02128,47804,63378,Boston_02128
0,2319.73,925,3080,44,2021-12,Boston,02128,47804,63378,Boston_02128
1,2370.84,800,4235,183,2021-12,Boston,02128,47804,63378,Boston_02128
2,3086.62,1700,5990,203,2021-12,Boston,02128,47804,63378,Boston_02128
3,2746.17,1750,4500,107,2021-12,Boston,02128,47804,63378,Boston_02128
4,3018.75,700,4400,52,2021-12,Boston,02128,47804,63378,Boston_02128
5,3489.58,825,4300,12,2021-12,Boston,02128,47804,63378,Boston_02128
0,2274.52,925,3500,50,2021-10,Boston,02128,47804,63378,Boston_02128
1,2262.02,800,4235,243,2021-10,Boston,02128,47804,63378,Boston_02128
2,2896.56,1600,5990,324,2021-10,Boston,02128,47804,63378,Boston_02128
3,2763.65,1700,4500,226,2021-10,Boston,02128,47804,63378,Boston_02128
4,3115.73,700,4400,85,2021-10,Boston,02128,47804,63378,Boston_02128
5,3541.07,825,4500,14,2021-10,Boston,02128,47804,63378,Boston_02128
0,2278.94,925,3500,51,2021-09,Boston,02128,47804,63378,Boston_02128
1,2242.9,800,4235,261,2021-09,Boston,02128,47804,63378,Boston_02128
2,2863.34,1600,5990,354,2021-09,Boston,02128,47804,63378,Boston_02128
3,2778.07,1700,4500,247,2021-09,Boston,02128,47804,63378,Boston_02128
4,3165.99,700,7500,93,2021-09,Boston,02128,47804,63378,Boston_02128
5,3541.07,825,4500,14,2021-09,Boston,02128,47804,63378,Boston_02128
0,2278.94,925,3500,51,2021-08,Boston,02128,47804,63378,Boston_02128
1,2233.57,750,4235,271,2021-08,Boston,02128,47804,63378,Boston_02128
2,2846.49,1600,5990,364,2021-08,Boston,02128,47804,63378,Boston_02128
3,2774.82,1700,4500,251,2021-08,Boston,02128,47804,63378,Boston_02128
4,3157.84,700,7500,94,2021-08,Boston,02128,47804,63378,Boston_02128
5,3541.07,825,4500,14,2021-08,Boston,02128,47804,63378,Boston_02128
0,2282.09,925,3500,53,2021-07,Boston,02128,47804,63378,Boston_02128
1,2236.17,750,4235,280,2021-07,Boston,02128,47804,63378,Boston_02128
2,2835.11,1600,5990,371,2021-07,Boston,02128,47804,63378,Boston_02128
3,2781.56,1700,4500,256,2021-07,Boston,02128,47804,63378,Boston_02128
4,3166.71,700,7500,95,2021-07,Boston,02128,47804,63378,Boston_02128
5,3541.07,825,4500,14,2021-07,Boston,02128,47804,63378,Boston_02128
0,2439.15,925,6000,48,2022-01,Boston,02128,47804,63378,Boston_02128
1,2394.47,615,4360,187,2022-01,Boston,02128,47804,63378,Boston_02128
2,3082.89,1700,5925,203,2022-01,Boston,02128,47804,63378,Boston_02128
3,2833.08,1750,5205,89,2022-01,Boston,02128,47804,63378,Boston_02128
4,3131.9,700,4500,42,2022-01,Boston,02128,47804,63378,Boston_02128
5,3460.71,825,4500,7,2022-01,Boston,02128,47804,63378,Boston_02128
0,2418.18,925,6000,51,2022-02,Boston,02128,47804,63378,Boston_02128
1,2390.3,615,4125,223,2022-02,Boston,02128,47804,63378,Boston_02128
2,3079.72,1700,6495,264,2022-02,Boston,02128,47804,63378,Boston_02128
3,2944.59,1750,5400,145,2022-02,Boston,02128,47804,63378,Boston_02128
4,3363,2500,5000,80,2022-02,Boston,02128,47804,63378,Boston_02128
5,4240,3500,4750,5,2022-02,Boston,02128,47804,63378,Boston_02128
0,2413.88,925,6000,58,2022-03,Boston,02128,47804,63378,Boston_02128
1,2356.89,615,4125,234,2022-03,Boston,02128,47804,63378,Boston_02128
2,3022.53,1700,6395,297,2022-03,Boston,02128,47804,63378,Boston_02128
3,2964.58,1750,5250,191,2022-03,Boston,02128,47804,63378,Boston_02128
4,3507.92,2500,5000,106,2022-03,Boston,02128,47804,63378,Boston_02128
5,4035.71,3500,4750,7,2022-03,Boston,02128,47804,63378,Boston_02128
0,2409.89,975,6000,55,2022-04,Boston,02128,47804,63378,Boston_02128
1,2466.92,615,4125,245,2022-04,Boston,02128,47804,63378,Boston_02128
2,3050.5,1700,6010,352,2022-04,Boston,02128,47804,63378,Boston_02128
3,2977.68,1750,5250,220,2022-04,Boston,02128,47804,63378,Boston_02128
4,3489.61,2000,5000,116,2022-04,Boston,02128,47804,63378,Boston_02128
5,4092.5,3500,4750,10,2022-04,Boston,02128,47804,63378,Boston_02128
0,2333.83,975,6000,66,2022-05,Boston,02128,47804,63378,Boston_02128
1,2454.75,750,4125,283,2022-05,Boston,02128,47804,63378,Boston_02128
2,3045.74,1600,6510,437,2022-05,Boston,02128,47804,63378,Boston_02128
3,2988.11,2100,5250,265,2022-05,Boston,02128,47804,63378,Boston_02128
4,3483.03,2000,5000,127,2022-05,Boston,02128,47804,63378,Boston_02128
5,3902,2500,4750,15,2022-05,Boston,02128,47804,63378,Boston_02128
0,2279.48,975,6000,64,2022-06,Boston,02128,47804,63378,Boston_02128
1,2438.02,750,3805,303,2022-06,Boston,02128,47804,63378,Boston_02128
2,3069.92,1700,6000,482,2022-06,Boston,02128,47804,63378,Boston_02128
3,2980.23,2100,5250,286,2022-06,Boston,02128,47804,63378,Boston_02128
4,3486.13,2000,5200,137,2022-06,Boston,02128,47804,63378,Boston_02128
5,3937.5,2500,4900,16,2022-06,Boston,02128,47804,63378,Boston_02128
0,2328.8,975,6000,61,2022-07,Boston,02128,47804,63378,Boston_02128
1,2466.03,750,3933,325,2022-07,Boston,02128,47804,63378,Boston_02128
2,3086.11,1250,7099,523,2022-07,Boston,02128,47804,63378,Boston_02128
3,3013.38,1250,5025,285,2022-07,Boston,02128,47804,63378,Boston_02128
4,3521.17,2000,5250,144,2022-07,Boston,02128,47804,63378,Boston_02128
5,3946.67,2500,4900,15,2022-07,Boston,02128,47804,63378,Boston_02128
0,2346.91,975,6000,57,2022-08,Boston,02128,47804,63378,Boston_02128
1,2548.46,1005,3957,318,2022-08,Boston,02128,47804,63378,Boston_02128
2,3129.08,1250,6870,504,2022-08,Boston,02128,47804,63378,Boston_02128
3,3026.16,1250,5285,243,2022-08,Boston,02128,47804,63378,Boston_02128
4,3519.46,2800,5250,113,2022-08,Boston,02128,47804,63378,Boston_02128
5,4063.93,2500,4900,14,2022-08,Boston,02128,47804,63378,Boston_02128
0,2261.43,975,3951,49,2022-09,Boston,02128,47804,63378,Boston_02128
1,2596.56,1005,4188,299,2022-09,Boston,02128,47804,63378,Boston_02128
2,3171.7,1250,6884,509,2022-09,Boston,02128,47804,63378,Boston_02128
3,3111.4,1250,7500,213,2022-09,Boston,02128,47804,63378,Boston_02128
4,3573.94,2495,5250,100,2022-09,Boston,02128,47804,63378,Boston_02128
5,4207.31,2500,6000,13,2022-09,Boston,02128,47804,63378,Boston_02128
0,2270.72,995,3951,50,2022-10,Boston,02128,47804,63378,Boston_02128
1,2571.8,800,3933,278,2022-10,Boston,02128,47804,63378,Boston_02128
2,3208.61,1250,6186,459,2022-10,Boston,02128,47804,63378,Boston_02128
3,3138.26,1250,7500,176,2022-10,Boston,02128,47804,63378,Boston_02128
4,3659.12,2495,5250,86,2022-10,Boston,02128,47804,63378,Boston_02128
5,4062.33,2500,6000,15,2022-10,Boston,02128,47804,63378,Boston_02128
0,2339.7,975,3951,50,2022-11,Boston,02128,47804,63378,Boston_02128
1,2589.17,800,3933,218,2022-11,Boston,02128,47804,63378,Boston_02128
2,3261.79,1700,7061,354,2022-11,Boston,02128,47804,63378,Boston_02128
3,3166.22,1000,7500,117,2022-11,Boston,02128,47804,63378,Boston_02128
4,3687.5,2495,5000,54,2022-11,Boston,02128,47804,63378,Boston_02128
5,4127.86,2900,6000,14,2022-11,Boston,02128,47804,63378,Boston_02128
0,1507.57,750,1925,14,2020-04,Marlborough,01752,39663,83469,Marlborough_01752
1,1037,550,1600,10,2020-04,Marlborough,01752,39663,83469,Marlborough_01752
2,1737.73,1300,2700,22,2020-04,Marlborough,01752,39663,83469,Marlborough_01752
3,2142.06,1650,2600,17,2020-04,Marlborough,01752,39663,83469,Marlborough_01752
4,2583.33,2300,2950,3,2020-04,Marlborough,01752,39663,83469,Marlborough_01752
5,2600,2600,2600,1,2020-04,Marlborough,01752,39663,83469,Marlborough_01752
0,1498.5,750,2227,14,2020-05,Marlborough,01752,39663,83469,Marlborough_01752
1,1067,550,1600,10,2020-05,Marlborough,01752,39663,83469,Marlborough_01752
2,1740,1450,2375,20,2020-05,Marlborough,01752,39663,83469,Marlborough_01752
3,2110.36,1600,2600,14,2020-05,Marlborough,01752,39663,83469,Marlborough_01752
4,3320,2300,4850,5,2020-05,Marlborough,01752,39663,83469,Marlborough_01752
5,3550,2600,4500,2,2020-05,Marlborough,01752,39663,83469,Marlborough_01752
0,1450.93,695,2197,15,2020-06,Marlborough,01752,39663,83469,Marlborough_01752
1,1105,550,1600,13,2020-06,Marlborough,01752,39663,83469,Marlborough_01752
2,1810,1400,2535,22,2020-06,Marlborough,01752,39663,83469,Marlborough_01752
3,2165.31,1600,2800,16,2020-06,Marlborough,01752,39663,83469,Marlborough_01752
4,3085.71,2300,4850,7,2020-06,Marlborough,01752,39663,83469,Marlborough_01752
5,3550,2600,4500,2,2020-06,Marlborough,01752,39663,83469,Marlborough_01752
0,1396.56,675,2130,16,2020-07,Marlborough,01752,39663,83469,Marlborough_01752
1,1211.88,550,1675,16,2020-07,Marlborough,01752,39663,83469,Marlborough_01752
2,1831.28,1350,2755,29,2020-07,Marlborough,01752,39663,83469,Marlborough_01752
3,2276.25,1600,2900,16,2020-07,Marlborough,01752,39663,83469,Marlborough_01752
4,3035.71,2400,4850,7,2020-07,Marlborough,01752,39663,83469,Marlborough_01752
5,3550,2600,4500,2,2020-07,Marlborough,01752,39663,83469,Marlborough_01752
0,1412.8,675,1930,15,2020-08,Marlborough,01752,39663,83469,Marlborough_01752
1,1303.33,550,1950,21,2020-08,Marlborough,01752,39663,83469,Marlborough_01752
2,1805.93,1350,2755,45,2020-08,Marlborough,01752,39663,83469,Marlborough_01752
3,2380.28,1600,2900,18,2020-08,Marlborough,01752,39663,83469,Marlborough_01752
4,3143.75,2400,4850,8,2020-08,Marlborough,01752,39663,83469,Marlborough_01752
5,4500,4500,4500,1,2020-08,Marlborough,01752,39663,83469,Marlborough_01752
0,1471.59,675,2155,17,2020-09,Marlborough,01752,39663,83469,Marlborough_01752
1,1307.5,550,1950,34,2020-09,Marlborough,01752,39663,83469,Marlborough_01752
2,1794.02,1350,2755,54,2020-09,Marlborough,01752,39663,83469,Marlborough_01752
3,2464.17,1600,2900,18,2020-09,Marlborough,01752,39663,83469,Marlborough_01752
4,2514.29,1300,3900,7,2020-09,Marlborough,01752,39663,83469,Marlborough_01752
5,4850,4850,4850,1,2020-09,Marlborough,01752,39663,83469,Marlborough_01752
0,1415.59,675,2110,17,2020-10,Marlborough,01752,39663,83469,Marlborough_01752
1,1312.79,550,1950,34,2020-10,Marlborough,01752,39663,83469,Marlborough_01752
2,1839.07,1350,3000,57,2020-10,Marlborough,01752,39663,83469,Marlborough_01752
3,2402.78,1600,2900,18,2020-10,Marlborough,01752,39663,83469,Marlborough_01752
4,2520,1300,3900,5,2020-10,Marlborough,01752,39663,83469,Marlborough_01752
5,4175,3500,4850,2,2020-10,Marlborough,01752,39663,83469,Marlborough_01752
0,1532.33,975,2050,15,2020-11,Marlborough,01752,39663,83469,Marlborough_01752
1,1342.27,550,1950,33,2020-11,Marlborough,01752,39663,83469,Marlborough_01752
2,1805.18,1350,3000,56,2020-11,Marlborough,01752,39663,83469,Marlborough_01752
3,2456.58,1800,2950,19,2020-11,Marlborough,01752,39663,83469,Marlborough_01752
4,2533.33,1300,3900,3,2020-11,Marlborough,01752,39663,83469,Marlborough_01752
5,4175,3500,4850,2,2020-11,Marlborough,01752,39663,83469,Marlborough_01752
0,1551.43,975,2050,14,2020-12,Marlborough,01752,39663,83469,Marlborough_01752
1,1366.62,695,1950,34,2020-12,Marlborough,01752,39663,83469,Marlborough_01752
2,1784.68,1350,3000,62,2020-12,Marlborough,01752,39663,83469,Marlborough_01752
3,2381.94,1800,2950,18,2020-12,Marlborough,01752,39663,83469,Marlborough_01752
4,1300,1300,1300,1,2020-12,Marlborough,01752,39663,83469,Marlborough_01752
5,4425,4000,4850,2,2020-12,Marlborough,01752,39663,83469,Marlborough_01752
0,1539.17,975,1983,12,2021-01,Marlborough,01752,39663,83469,Marlborough_01752
1,1346.88,695,1655,24,2021-01,Marlborough,01752,39663,83469,Marlborough_01752
2,1789.36,1350,3000,55,2021-01,Marlborough,01752,39663,83469,Marlborough_01752
3,2335,1800,2950,14,2021-01,Marlborough,01752,39663,83469,Marlborough_01752
4,1300,1300,1300,1,2021-01,Marlborough,01752,39663,83469,Marlborough_01752
5,4425,4000,4850,2,2021-01,Marlborough,01752,39663,83469,Marlborough_01752
0,1533.86,500,2585,14,2021-02,Marlborough,01752,39663,83469,Marlborough_01752
1,1312.83,695,1900,23,2021-02,Marlborough,01752,39663,83469,Marlborough_01752
2,1759.18,1350,2535,57,2021-02,Marlborough,01752,39663,83469,Marlborough_01752
3,2367.89,1800,3300,19,2021-02,Marlborough,01752,39663,83469,Marlborough_01752
4,1847.5,1300,2395,2,2021-02,Marlborough,01752,39663,83469,Marlborough_01752
5,4425,4000,4850,2,2021-02,Marlborough,01752,39663,83469,Marlborough_01752
0,1496.6,500,2585,15,2021-03,Marlborough,01752,39663,83469,Marlborough_01752
1,1301.82,695,1900,22,2021-03,Marlborough,01752,39663,83469,Marlborough_01752
2,1744.85,1350,2300,47,2021-03,Marlborough,01752,39663,83469,Marlborough_01752
3,2390.31,1800,3300,16,2021-03,Marlborough,01752,39663,83469,Marlborough_01752
4,1847.5,1300,2395,2,2021-03,Marlborough,01752,39663,83469,Marlborough_01752
5,4000,4000,4000,1,2021-03,Marlborough,01752,39663,83469,Marlborough_01752
0,1540.69,500,2725,13,2021-04,Marlborough,01752,39663,83469,Marlborough_01752
1,1251,695,1900,15,2021-04,Marlborough,01752,39663,83469,Marlborough_01752
2,1725.82,1350,2300,28,2021-04,Marlborough,01752,39663,83469,Marlborough_01752
3,2427.22,1800,3300,9,2021-04,Marlborough,01752,39663,83469,Marlborough_01752
4,3147.5,2395,3900,2,2021-04,Marlborough,01752,39663,83469,Marlborough_01752
5,4000,4000,4000,1,2021-04,Marlborough,01752,39663,83469,Marlborough_01752
0,1436.54,500,2132,13,2021-05,Marlborough,01752,39663,83469,Marlborough_01752
1,1307.38,695,2028,16,2021-05,Marlborough,01752,39663,83469,Marlborough_01752
2,1725.82,1350,2300,28,2021-05,Marlborough,01752,39663,83469,Marlborough_01752
3,2361.88,1800,3300,8,2021-05,Marlborough,01752,39663,83469,Marlborough_01752
4,3147.5,2395,3900,2,2021-05,Marlborough,01752,39663,83469,Marlborough_01752
5,4000,4000,4000,1,2021-05,Marlborough,01752,39663,83469,Marlborough_01752
0,1422.8,500,2110,15,2021-06,Marlborough,01752,39663,83469,Marlborough_01752
1,1310.19,695,2028,16,2021-06,Marlborough,01752,39663,83469,Marlborough_01752
2,1734.5,1400,2300,24,2021-06,Marlborough,01752,39663,83469,Marlborough_01752
3,2212,1425,3300,10,2021-06,Marlborough,01752,39663,83469,Marlborough_01752
4,5431.67,2395,10000,3,2021-06,Marlborough,01752,39663,83469,Marlborough_01752
5,4000,4000,4000,1,2021-06,Marlborough,01752,39663,83469,Marlborough_01752
0,1647.33,800,2223,15,2021-11,Marlborough,01752,39663,83469,Marlborough_01752
1,2206.3,1150,3753,92,2021-11,Marlborough,01752,39663,83469,Marlborough_01752
2,2671.74,1500,3517,87,2021-11,Marlborough,01752,39663,83469,Marlborough_01752
3,2724,1700,3865,9,2021-11,Marlborough,01752,39663,83469,Marlborough_01752
4,4760,2800,10000,5,2021-11,Marlborough,01752,39663,83469,Marlborough_01752
5,3625,3300,3950,2,2021-11,Marlborough,01752,39663,83469,Marlborough_01752
0,1748.5,800,2285,12,2021-12,Marlborough,01752,39663,83469,Marlborough_01752
1,2186.69,800,3753,114,2021-12,Marlborough,01752,39663,83469,Marlborough_01752
2,2778.56,1500,3870,107,2021-12,Marlborough,01752,39663,83469,Marlborough_01752
3,2734.89,1300,3948,9,2021-12,Marlborough,01752,39663,83469,Marlborough_01752
4,4760,2800,10000,5,2021-12,Marlborough,01752,39663,83469,Marlborough_01752
5,3625,3300,3950,2,2021-12,Marlborough,01752,39663,83469,Marlborough_01752
0,1577.44,800,2230,16,2021-10,Marlborough,01752,39663,83469,Marlborough_01752
1,2147.82,800,3753,113,2021-10,Marlborough,01752,39663,83469,Marlborough_01752
2,2695.88,1500,3870,108,2021-10,Marlborough,01752,39663,83469,Marlborough_01752
3,2470.06,1300,3930,16,2021-10,Marlborough,01752,39663,83469,Marlborough_01752
4,4716.67,2800,10000,6,2021-10,Marlborough,01752,39663,83469,Marlborough_01752
5,3625,3300,3950,2,2021-10,Marlborough,01752,39663,83469,Marlborough_01752
0,1577.44,800,2230,16,2021-09,Marlborough,01752,39663,83469,Marlborough_01752
1,2140.39,800,3753,114,2021-09,Marlborough,01752,39663,83469,Marlborough_01752
2,2675.73,1500,3870,110,2021-09,Marlborough,01752,39663,83469,Marlborough_01752
3,2470.06,1300,3930,16,2021-09,Marlborough,01752,39663,83469,Marlborough_01752
4,4716.67,2800,10000,6,2021-09,Marlborough,01752,39663,83469,Marlborough_01752
5,3625,3300,3950,2,2021-09,Marlborough,01752,39663,83469,Marlborough_01752
0,1578.38,800,2230,16,2021-08,Marlborough,01752,39663,83469,Marlborough_01752
1,2133.73,800,3753,115,2021-08,Marlborough,01752,39663,83469,Marlborough_01752
2,2675.73,1500,3870,110,2021-08,Marlborough,01752,39663,83469,Marlborough_01752
3,2489.47,1300,3930,17,2021-08,Marlborough,01752,39663,83469,Marlborough_01752
4,4716.67,2800,10000,6,2021-08,Marlborough,01752,39663,83469,Marlborough_01752
5,3625,3300,3950,2,2021-08,Marlborough,01752,39663,83469,Marlborough_01752
0,1578.38,800,2230,16,2021-07,Marlborough,01752,39663,83469,Marlborough_01752
1,2118.06,800,3753,118,2021-07,Marlborough,01752,39663,83469,Marlborough_01752
2,2665.44,1500,3870,111,2021-07,Marlborough,01752,39663,83469,Marlborough_01752
3,2490.53,1300,3948,17,2021-07,Marlborough,01752,39663,83469,Marlborough_01752
4,4600,2800,10000,7,2021-07,Marlborough,01752,39663,83469,Marlborough_01752
5,3625,3300,3950,2,2021-07,Marlborough,01752,39663,83469,Marlborough_01752
0,1824.17,1250,2405,12,2022-01,Marlborough,01752,39663,83469,Marlborough_01752
1,2252.69,1125,3753,128,2022-01,Marlborough,01752,39663,83469,Marlborough_01752
2,2741.39,1250,4602,135,2022-01,Marlborough,01752,39663,83469,Marlborough_01752
3,2730,1300,4144,11,2022-01,Marlborough,01752,39663,83469,Marlborough_01752
4,4200,2700,10000,7,2022-01,Marlborough,01752,39663,83469,Marlborough_01752
5,3625,3300,3950,2,2022-01,Marlborough,01752,39663,83469,Marlborough_01752
0,1654.12,1050,2448,17,2022-02,Marlborough,01752,39663,83469,Marlborough_01752
1,2184.14,1125,3753,166,2022-02,Marlborough,01752,39663,83469,Marlborough_01752
2,2720.72,1250,4602,179,2022-02,Marlborough,01752,39663,83469,Marlborough_01752
3,2780.42,1300,4714,12,2022-02,Marlborough,01752,39663,83469,Marlborough_01752
4,4092.86,2700,10000,7,2022-02,Marlborough,01752,39663,83469,Marlborough_01752
5,3625,3300,3950,2,2022-02,Marlborough,01752,39663,83469,Marlborough_01752
0,1617.48,1050,2547,21,2022-03,Marlborough,01752,39663,83469,Marlborough_01752
1,2156.1,1100,3475,181,2022-03,Marlborough,01752,39663,83469,Marlborough_01752
2,2729.18,1250,4602,206,2022-03,Marlborough,01752,39663,83469,Marlborough_01752
3,2798.88,1300,5000,16,2022-03,Marlborough,01752,39663,83469,Marlborough_01752
4,3212.5,2700,4500,4,2022-03,Marlborough,01752,39663,83469,Marlborough_01752
5,3950,3950,3950,1,2022-03,Marlborough,01752,39663,83469,Marlborough_01752
0,1525.71,775,2420,21,2022-04,Marlborough,01752,39663,83469,Marlborough_01752
1,2111.14,1100,3325,190,2022-04,Marlborough,01752,39663,83469,Marlborough_01752
2,2719.95,1250,4602,219,2022-04,Marlborough,01752,39663,83469,Marlborough_01752
3,3017.76,1300,6075,21,2022-04,Marlborough,01752,39663,83469,Marlborough_01752
4,3158.33,2500,4500,6,2022-04,Marlborough,01752,39663,83469,Marlborough_01752
0,1470.62,775,2536,26,2022-05,Marlborough,01752,39663,83469,Marlborough_01752
1,2137.71,1100,3325,240,2022-05,Marlborough,01752,39663,83469,Marlborough_01752
2,2788,1250,4565,281,2022-05,Marlborough,01752,39663,83469,Marlborough_01752
3,2996.12,1550,5000,26,2022-05,Marlborough,01752,39663,83469,Marlborough_01752
4,2887.5,2500,3600,4,2022-05,Marlborough,01752,39663,83469,Marlborough_01752
0,1449.79,775,2375,29,2022-06,Marlborough,01752,39663,83469,Marlborough_01752
1,2189.01,1100,3325,244,2022-06,Marlborough,01752,39663,83469,Marlborough_01752
2,2810.28,1395,4811,299,2022-06,Marlborough,01752,39663,83469,Marlborough_01752
3,2942.97,1550,5000,29,2022-06,Marlborough,01752,39663,83469,Marlborough_01752
4,2950,2500,3600,3,2022-06,Marlborough,01752,39663,83469,Marlborough_01752
0,1460.35,775,2371,26,2022-07,Marlborough,01752,39663,83469,Marlborough_01752
1,2216.82,1100,3246,257,2022-07,Marlborough,01752,39663,83469,Marlborough_01752
2,2880.22,1395,4811,300,2022-07,Marlborough,01752,39663,83469,Marlborough_01752
3,3079.18,1550,5500,28,2022-07,Marlborough,01752,39663,83469,Marlborough_01752
4,2950,2500,3600,3,2022-07,Marlborough,01752,39663,83469,Marlborough_01752
0,1497.92,775,2371,25,2022-08,Marlborough,01752,39663,83469,Marlborough_01752
1,2229.03,1295,3230,240,2022-08,Marlborough,01752,39663,83469,Marlborough_01752
2,2852.83,1395,4811,302,2022-08,Marlborough,01752,39663,83469,Marlborough_01752
3,3129.09,1550,5500,23,2022-08,Marlborough,01752,39663,83469,Marlborough_01752
0,1502.36,850,2371,28,2022-09,Marlborough,01752,39663,83469,Marlborough_01752
1,2338.55,1295,4110,257,2022-09,Marlborough,01752,39663,83469,Marlborough_01752
2,2854.36,1395,5207,318,2022-09,Marlborough,01752,39663,83469,Marlborough_01752
3,3020.95,1550,5500,21,2022-09,Marlborough,01752,39663,83469,Marlborough_01752
4,3266.67,2600,3600,3,2022-09,Marlborough,01752,39663,83469,Marlborough_01752
0,1609.59,850,2371,22,2022-10,Marlborough,01752,39663,83469,Marlborough_01752
1,2302.87,1195,4110,257,2022-10,Marlborough,01752,39663,83469,Marlborough_01752
2,2806.8,1395,5207,314,2022-10,Marlborough,01752,39663,83469,Marlborough_01752
3,3075.52,1550,5500,21,2022-10,Marlborough,01752,39663,83469,Marlborough_01752
4,3300,2600,3600,4,2022-10,Marlborough,01752,39663,83469,Marlborough_01752
0,1581.08,825,2371,24,2022-11,Marlborough,01752,39663,83469,Marlborough_01752
1,2280.38,1195,4110,247,2022-11,Marlborough,01752,39663,83469,Marlborough_01752
2,2770.72,1395,5207,297,2022-11,Marlborough,01752,39663,83469,Marlborough_01752
3,2970,1650,4927,18,2022-11,Marlborough,01752,39663,83469,Marlborough_01752
4,3183.33,2500,3600,6,2022-11,Marlborough,01752,39663,83469,Marlborough_01752
0,1203.33,750,1585,3,2020-04,Worcester,01605,27587,42683,Worcester_01605
1,1065,900,1200,6,2020-04,Worcester,01605,27587,42683,Worcester_01605
2,1334.72,1100,2100,18,2020-04,Worcester,01605,27587,42683,Worcester_01605
3,1882.14,1100,3250,28,2020-04,Worcester,01605,27587,42683,Worcester_01605
4,1800,1500,2400,3,2020-04,Worcester,01605,27587,42683,Worcester_01605
0,1248.33,750,1670,3,2020-05,Worcester,01605,27587,42683,Worcester_01605
1,1161.25,900,1800,8,2020-05,Worcester,01605,27587,42683,Worcester_01605
2,1333.93,1100,1800,14,2020-05,Worcester,01605,27587,42683,Worcester_01605
3,1921.15,1100,3250,26,2020-05,Worcester,01605,27587,42683,Worcester_01605
4,1811.25,1450,2400,4,2020-05,Worcester,01605,27587,42683,Worcester_01605
0,1271.67,750,1790,3,2020-06,Worcester,01605,27587,42683,Worcester_01605
1,1191.43,900,1800,7,2020-06,Worcester,01605,27587,42683,Worcester_01605
2,1314.29,1100,1750,14,2020-06,Worcester,01605,27587,42683,Worcester_01605
3,1912.96,1100,3250,27,2020-06,Worcester,01605,27587,42683,Worcester_01605
4,1811.25,1450,2400,4,2020-06,Worcester,01605,27587,42683,Worcester_01605
0,1243.33,750,1705,3,2020-07,Worcester,01605,27587,42683,Worcester_01605
1,1240,995,1800,6,2020-07,Worcester,01605,27587,42683,Worcester_01605
2,1305,1100,1750,15,2020-07,Worcester,01605,27587,42683,Worcester_01605
3,1892.86,1100,3250,28,2020-07,Worcester,01605,27587,42683,Worcester_01605
4,1811.25,1450,2400,4,2020-07,Worcester,01605,27587,42683,Worcester_01605
0,1243.33,750,1705,3,2020-08,Worcester,01605,27587,42683,Worcester_01605
1,1333.33,1100,1800,6,2020-08,Worcester,01605,27587,42683,Worcester_01605
2,1297.94,1100,1750,17,2020-08,Worcester,01605,27587,42683,Worcester_01605
3,1562.5,1100,1800,12,2020-08,Worcester,01605,27587,42683,Worcester_01605
4,1915,1450,2400,3,2020-08,Worcester,01605,27587,42683,Worcester_01605
0,1620,1325,1915,2,2020-09,Worcester,01605,27587,42683,Worcester_01605
1,1220,1000,1500,5,2020-09,Worcester,01605,27587,42683,Worcester_01605
2,1342.06,1200,2000,17,2020-09,Worcester,01605,27587,42683,Worcester_01605
3,1550,1100,1800,10,2020-09,Worcester,01605,27587,42683,Worcester_01605
4,2400,2400,2400,1,2020-09,Worcester,01605,27587,42683,Worcester_01605
0,1527.5,1325,1730,2,2020-10,Worcester,01605,27587,42683,Worcester_01605
1,1187.5,1000,1500,4,2020-10,Worcester,01605,27587,42683,Worcester_01605
2,1432.37,1200,2000,19,2020-10,Worcester,01605,27587,42683,Worcester_01605
3,1714.29,1350,2800,7,2020-10,Worcester,01605,27587,42683,Worcester_01605
4,2795,2795,2795,1,2020-10,Worcester,01605,27587,42683,Worcester_01605
0,1482.5,1325,1640,2,2020-11,Worcester,01605,27587,42683,Worcester_01605
1,1125,975,1500,5,2020-11,Worcester,01605,27587,42683,Worcester_01605
2,1463.25,1200,2100,20,2020-11,Worcester,01605,27587,42683,Worcester_01605
3,1737.5,1350,2800,6,2020-11,Worcester,01605,27587,42683,Worcester_01605
4,2795,2795,2795,1,2020-11,Worcester,01605,27587,42683,Worcester_01605
0,1465,1325,1605,2,2020-12,Worcester,01605,27587,42683,Worcester_01605
1,991.67,975,1000,3,2020-12,Worcester,01605,27587,42683,Worcester_01605
2,1469.44,1200,2100,18,2020-12,Worcester,01605,27587,42683,Worcester_01605
3,1736.88,1295,2800,8,2020-12,Worcester,01605,27587,42683,Worcester_01605
4,2297.5,1800,2795,2,2020-12,Worcester,01605,27587,42683,Worcester_01605
0,1477.5,1325,1630,2,2021-01,Worcester,01605,27587,42683,Worcester_01605
1,991.67,975,1000,3,2021-01,Worcester,01605,27587,42683,Worcester_01605
2,1547.86,1200,2295,14,2021-01,Worcester,01605,27587,42683,Worcester_01605
3,1736.88,1295,2800,8,2021-01,Worcester,01605,27587,42683,Worcester_01605
4,2297.5,1800,2795,2,2021-01,Worcester,01605,27587,42683,Worcester_01605
0,1465,1325,1605,2,2021-02,Worcester,01605,27587,42683,Worcester_01605
1,1150,975,1475,5,2021-02,Worcester,01605,27587,42683,Worcester_01605
2,1551.67,1200,2295,12,2021-02,Worcester,01605,27587,42683,Worcester_01605
3,1728.04,1295,2800,23,2021-02,Worcester,01605,27587,42683,Worcester_01605
4,1800,1800,1800,1,2021-02,Worcester,01605,27587,42683,Worcester_01605
0,1475,1325,1625,2,2021-03,Worcester,01605,27587,42683,Worcester_01605
1,1200,1000,1450,3,2021-03,Worcester,01605,27587,42683,Worcester_01605
2,1472.86,1200,2295,14,2021-03,Worcester,01605,27587,42683,Worcester_01605
3,1693.23,1295,2800,31,2021-03,Worcester,01605,27587,42683,Worcester_01605
4,2150,1800,2500,2,2021-03,Worcester,01605,27587,42683,Worcester_01605
0,1535,1325,1745,2,2021-04,Worcester,01605,27587,42683,Worcester_01605
1,1205,1100,1375,5,2021-04,Worcester,01605,27587,42683,Worcester_01605
2,1412,1200,2295,10,2021-04,Worcester,01605,27587,42683,Worcester_01605
3,1676.61,1350,2650,28,2021-04,Worcester,01605,27587,42683,Worcester_01605
4,2150,1800,2500,2,2021-04,Worcester,01605,27587,42683,Worcester_01605
0,1602.5,1325,1880,2,2021-05,Worcester,01605,27587,42683,Worcester_01605
1,1190,1100,1300,5,2021-05,Worcester,01605,27587,42683,Worcester_01605
2,1321.67,1200,1500,15,2021-05,Worcester,01605,27587,42683,Worcester_01605
3,1698.17,1350,2650,30,2021-05,Worcester,01605,27587,42683,Worcester_01605
4,2150,1800,2500,2,2021-05,Worcester,01605,27587,42683,Worcester_01605
0,1692.5,1325,2060,2,2021-06,Worcester,01605,27587,42683,Worcester_01605
1,1158.33,1000,1300,6,2021-06,Worcester,01605,27587,42683,Worcester_01605
2,1319.12,1200,1500,17,2021-06,Worcester,01605,27587,42683,Worcester_01605
3,1715.97,1350,2650,31,2021-06,Worcester,01605,27587,42683,Worcester_01605
4,2150,1800,2500,2,2021-06,Worcester,01605,27587,42683,Worcester_01605
0,2130,1325,3000,3,2021-11,Worcester,01605,27587,42683,Worcester_01605
1,1258.33,1175,1300,3,2021-11,Worcester,01605,27587,42683,Worcester_01605
2,1525.63,900,2000,24,2021-11,Worcester,01605,27587,42683,Worcester_01605
3,1966.36,1350,3500,22,2021-11,Worcester,01605,27587,42683,Worcester_01605
4,2237.5,1700,3200,4,2021-11,Worcester,01605,27587,42683,Worcester_01605
5,2000,2000,2000,1,2021-11,Worcester,01605,27587,42683,Worcester_01605
0,2160,1325,3000,3,2021-12,Worcester,01605,27587,42683,Worcester_01605
1,1266.67,1200,1300,3,2021-12,Worcester,01605,27587,42683,Worcester_01605
2,1475.68,900,2000,22,2021-12,Worcester,01605,27587,42683,Worcester_01605
3,1956.09,1350,3500,23,2021-12,Worcester,01605,27587,42683,Worcester_01605
4,2237.5,1700,3200,4,2021-12,Worcester,01605,27587,42683,Worcester_01605
5,2000,2000,2000,1,2021-12,Worcester,01605,27587,42683,Worcester_01605
0,2185,1325,3000,3,2021-10,Worcester,01605,27587,42683,Worcester_01605
1,1178.57,950,1300,7,2021-10,Worcester,01605,27587,42683,Worcester_01605
2,1489.86,900,2000,35,2021-10,Worcester,01605,27587,42683,Worcester_01605
3,1909.47,1350,3500,38,2021-10,Worcester,01605,27587,42683,Worcester_01605
4,2414.29,1700,3200,7,2021-10,Worcester,01605,27587,42683,Worcester_01605
5,2000,2000,2000,1,2021-10,Worcester,01605,27587,42683,Worcester_01605
0,2185,1325,3000,3,2021-09,Worcester,01605,27587,42683,Worcester_01605
1,1193.75,950,1300,8,2021-09,Worcester,01605,27587,42683,Worcester_01605
2,1482.3,900,2000,37,2021-09,Worcester,01605,27587,42683,Worcester_01605
3,1902.75,1350,3500,40,2021-09,Worcester,01605,27587,42683,Worcester_01605
4,2414.29,1700,3200,7,2021-09,Worcester,01605,27587,42683,Worcester_01605
5,2000,2000,2000,1,2021-09,Worcester,01605,27587,42683,Worcester_01605
0,2185,1325,3000,3,2021-08,Worcester,01605,27587,42683,Worcester_01605
1,1183.33,950,1300,9,2021-08,Worcester,01605,27587,42683,Worcester_01605
2,1469.88,900,2000,40,2021-08,Worcester,01605,27587,42683,Worcester_01605
3,1886.89,1350,3500,45,2021-08,Worcester,01605,27587,42683,Worcester_01605
4,2414.29,1700,3200,7,2021-08,Worcester,01605,27587,42683,Worcester_01605
5,2000,2000,2000,1,2021-08,Worcester,01605,27587,42683,Worcester_01605
0,2185,1325,3000,3,2021-07,Worcester,01605,27587,42683,Worcester_01605
1,1183.33,950,1300,9,2021-07,Worcester,01605,27587,42683,Worcester_01605
2,1455.57,900,2000,44,2021-07,Worcester,01605,27587,42683,Worcester_01605
3,1849.2,1350,3500,56,2021-07,Worcester,01605,27587,42683,Worcester_01605
4,2414.29,1700,3200,7,2021-07,Worcester,01605,27587,42683,Worcester_01605
5,2000,2000,2000,1,2021-07,Worcester,01605,27587,42683,Worcester_01605
0,2145,1325,3000,3,2022-01,Worcester,01605,27587,42683,Worcester_01605
1,1266.67,1200,1300,3,2022-01,Worcester,01605,27587,42683,Worcester_01605
2,1474.52,900,1900,21,2022-01,Worcester,01605,27587,42683,Worcester_01605
3,1999.58,1350,3500,24,2022-01,Worcester,01605,27587,42683,Worcester_01605
4,2237.5,1700,3200,4,2022-01,Worcester,01605,27587,42683,Worcester_01605
5,2000,2000,2000,1,2022-01,Worcester,01605,27587,42683,Worcester_01605
0,2140,1325,3000,3,2022-02,Worcester,01605,27587,42683,Worcester_01605
1,1639,1200,2150,5,2022-02,Worcester,01605,27587,42683,Worcester_01605
2,1564.77,1200,2290,22,2022-02,Worcester,01605,27587,42683,Worcester_01605
3,2041.3,1350,3500,23,2022-02,Worcester,01605,27587,42683,Worcester_01605
4,2312.5,1700,3500,4,2022-02,Worcester,01605,27587,42683,Worcester_01605
0,2120,1275,3000,3,2022-03,Worcester,01605,27587,42683,Worcester_01605
1,1565,1195,2150,6,2022-03,Worcester,01605,27587,42683,Worcester_01605
2,1659.62,1200,2550,26,2022-03,Worcester,01605,27587,42683,Worcester_01605
3,1890.91,1500,3000,22,2022-03,Worcester,01605,27587,42683,Worcester_01605
4,2500,2000,3500,4,2022-03,Worcester,01605,27587,42683,Worcester_01605
0,2178.33,1275,3000,3,2022-04,Worcester,01605,27587,42683,Worcester_01605
1,2045.31,1195,2595,16,2022-04,Worcester,01605,27587,42683,Worcester_01605
2,2061.18,1400,2935,38,2022-04,Worcester,01605,27587,42683,Worcester_01605
3,1894.74,1500,3000,19,2022-04,Worcester,01605,27587,42683,Worcester_01605
4,2742.86,1900,4500,7,2022-04,Worcester,01605,27587,42683,Worcester_01605
0,1862.5,1390,2335,2,2022-05,Worcester,01605,27587,42683,Worcester_01605
1,2177.38,1195,2695,21,2022-05,Worcester,01605,27587,42683,Worcester_01605
2,2127.44,1400,2935,41,2022-05,Worcester,01605,27587,42683,Worcester_01605
3,1904.52,1395,3000,21,2022-05,Worcester,01605,27587,42683,Worcester_01605
4,2833.33,1900,4500,6,2022-05,Worcester,01605,27587,42683,Worcester_01605
0,1480,700,2350,3,2022-06,Worcester,01605,27587,42683,Worcester_01605
1,2218.86,900,2865,22,2022-06,Worcester,01605,27587,42683,Worcester_01605
2,2104.55,1400,2935,44,2022-06,Worcester,01605,27587,42683,Worcester_01605
3,1989.55,1395,3800,22,2022-06,Worcester,01605,27587,42683,Worcester_01605
4,2600,1900,4500,8,2022-06,Worcester,01605,27587,42683,Worcester_01605
0,1485,700,2365,3,2022-07,Worcester,01605,27587,42683,Worcester_01605
1,2214.32,900,2865,22,2022-07,Worcester,01605,27587,42683,Worcester_01605
2,2074.89,1395,2935,46,2022-07,Worcester,01605,27587,42683,Worcester_01605
3,1979.29,1250,3800,28,2022-07,Worcester,01605,27587,42683,Worcester_01605
4,2680,1900,4500,10,2022-07,Worcester,01605,27587,42683,Worcester_01605
0,1485,700,2365,3,2022-08,Worcester,01605,27587,42683,Worcester_01605
1,2122.19,900,2865,16,2022-08,Worcester,01605,27587,42683,Worcester_01605
2,1997.62,1395,2800,42,2022-08,Worcester,01605,27587,42683,Worcester_01605
3,2011.36,1250,3800,33,2022-08,Worcester,01605,27587,42683,Worcester_01605
4,2700,1900,4500,11,2022-08,Worcester,01605,27587,42683,Worcester_01605
5,3050,3050,3050,1,2022-08,Worcester,01605,27587,42683,Worcester_01605
0,1281,700,2365,5,2022-09,Worcester,01605,27587,42683,Worcester_01605
1,1768.57,900,2865,14,2022-09,Worcester,01605,27587,42683,Worcester_01605
2,1909.46,1395,2800,37,2022-09,Worcester,01605,27587,42683,Worcester_01605
3,2035.42,1250,3800,36,2022-09,Worcester,01605,27587,42683,Worcester_01605
4,2735,2000,4500,10,2022-09,Worcester,01605,27587,42683,Worcester_01605
5,3050,3050,3050,1,2022-09,Worcester,01605,27587,42683,Worcester_01605
0,1250.83,700,2365,6,2022-10,Worcester,01605,27587,42683,Worcester_01605
1,1641.18,900,2195,17,2022-10,Worcester,01605,27587,42683,Worcester_01605
2,1928.72,1395,2800,47,2022-10,Worcester,01605,27587,42683,Worcester_01605
3,2021.62,1250,3800,37,2022-10,Worcester,01605,27587,42683,Worcester_01605
4,2625,2000,3800,6,2022-10,Worcester,01605,27587,42683,Worcester_01605
5,3050,3050,3050,1,2022-10,Worcester,01605,27587,42683,Worcester_01605
0,1250.83,700,2365,6,2022-11,Worcester,01605,27587,42683,Worcester_01605
1,1735.6,900,2210,25,2022-11,Worcester,01605,27587,42683,Worcester_01605
2,1921.88,1395,2800,56,2022-11,Worcester,01605,27587,42683,Worcester_01605
3,2040.32,1600,3000,31,2022-11,Worcester,01605,27587,42683,Worcester_01605
4,2750,2200,3800,5,2022-11,Worcester,01605,27587,42683,Worcester_01605
5,3050,3050,3050,1,2022-11,Worcester,01605,27587,42683,Worcester_01605
0,1858.33,1655,2195,3,2020-04,Waltham,02452,15636,99747,Waltham_02452
1,1621.43,1400,2500,7,2020-04,Waltham,02452,15636,99747,Waltham_02452
2,2251.47,1800,3300,17,2020-04,Waltham,02452,15636,99747,Waltham_02452
3,2860,2500,3200,5,2020-04,Waltham,02452,15636,99747,Waltham_02452
4,5100,3400,6000,4,2020-04,Waltham,02452,15636,99747,Waltham_02452
0,1943.33,1770,2165,3,2020-05,Waltham,02452,15636,99747,Waltham_02452
1,1750,1450,2300,3,2020-05,Waltham,02452,15636,99747,Waltham_02452
2,2098.33,1850,3100,15,2020-05,Waltham,02452,15636,99747,Waltham_02452
3,2800,2500,3200,8,2020-05,Waltham,02452,15636,99747,Waltham_02452
4,5100,3400,6000,4,2020-05,Waltham,02452,15636,99747,Waltham_02452
5,5500,5500,5500,1,2020-05,Waltham,02452,15636,99747,Waltham_02452
0,1843.67,1580,2251,3,2020-06,Waltham,02452,15636,99747,Waltham_02452
1,1650,1450,2000,3,2020-06,Waltham,02452,15636,99747,Waltham_02452
2,2230.56,1800,3800,18,2020-06,Waltham,02452,15636,99747,Waltham_02452
3,2766.67,2500,3200,9,2020-06,Waltham,02452,15636,99747,Waltham_02452
4,5380,3400,6000,5,2020-06,Waltham,02452,15636,99747,Waltham_02452
5,5500,5500,5500,1,2020-06,Waltham,02452,15636,99747,Waltham_02452
0,1890.33,1610,2326,3,2020-07,Waltham,02452,15636,99747,Waltham_02452
1,1633.33,1500,1800,3,2020-07,Waltham,02452,15636,99747,Waltham_02452
2,2195.24,1800,3800,21,2020-07,Waltham,02452,15636,99747,Waltham_02452
3,3004.17,2500,3600,12,2020-07,Waltham,02452,15636,99747,Waltham_02452
4,5016.67,3200,6000,6,2020-07,Waltham,02452,15636,99747,Waltham_02452
5,6000,6000,6000,1,2020-07,Waltham,02452,15636,99747,Waltham_02452
0,1669.33,1550,1878,3,2020-08,Waltham,02452,15636,99747,Waltham_02452
1,1962.5,1600,2500,6,2020-08,Waltham,02452,15636,99747,Waltham_02452
2,2123.33,1750,3800,30,2020-08,Waltham,02452,15636,99747,Waltham_02452
3,3055,2500,3600,10,2020-08,Waltham,02452,15636,99747,Waltham_02452
4,4850,3200,6000,6,2020-08,Waltham,02452,15636,99747,Waltham_02452
5,6000,6000,6000,1,2020-08,Waltham,02452,15636,99747,Waltham_02452
0,1747.33,1475,2085,3,2020-09,Waltham,02452,15636,99747,Waltham_02452
1,1778.18,1500,2400,11,2020-09,Waltham,02452,15636,99747,Waltham_02452
2,2126.94,1750,3800,31,2020-09,Waltham,02452,15636,99747,Waltham_02452
3,3222.73,2500,5500,11,2020-09,Waltham,02452,15636,99747,Waltham_02452
4,5140,3200,6000,5,2020-09,Waltham,02452,15636,99747,Waltham_02452
5,6000,6000,6000,1,2020-09,Waltham,02452,15636,99747,Waltham_02452
0,1633,1465,1806,3,2020-10,Waltham,02452,15636,99747,Waltham_02452
1,1720.71,1455,2300,14,2020-10,Waltham,02452,15636,99747,Waltham_02452
2,2038.23,1750,2650,31,2020-10,Waltham,02452,15636,99747,Waltham_02452
3,3157.69,2500,5500,13,2020-10,Waltham,02452,15636,99747,Waltham_02452
4,5050,3200,6000,4,2020-10,Waltham,02452,15636,99747,Waltham_02452
5,6000,6000,6000,1,2020-10,Waltham,02452,15636,99747,Waltham_02452
0,1621,1465,1825,3,2020-11,Waltham,02452,15636,99747,Waltham_02452
1,1702.06,1400,2300,17,2020-11,Waltham,02452,15636,99747,Waltham_02452
2,2038.97,1750,2650,29,2020-11,Waltham,02452,15636,99747,Waltham_02452
3,3131.82,2500,5500,11,2020-11,Waltham,02452,15636,99747,Waltham_02452
4,5000,5000,5000,1,2020-11,Waltham,02452,15636,99747,Waltham_02452
5,6200,6200,6200,1,2020-11,Waltham,02452,15636,99747,Waltham_02452
0,1808,1520,2009,3,2020-12,Waltham,02452,15636,99747,Waltham_02452
1,1688.82,1400,2300,17,2020-12,Waltham,02452,15636,99747,Waltham_02452
2,2013.39,1700,2650,28,2020-12,Waltham,02452,15636,99747,Waltham_02452
3,3150,2500,5500,8,2020-12,Waltham,02452,15636,99747,Waltham_02452
4,4650,4300,5000,2,2020-12,Waltham,02452,15636,99747,Waltham_02452
5,6200,6200,6200,1,2020-12,Waltham,02452,15636,99747,Waltham_02452
0,1808,1520,2009,3,2021-01,Waltham,02452,15636,99747,Waltham_02452
1,1671.33,1400,2300,15,2021-01,Waltham,02452,15636,99747,Waltham_02452
2,1968.75,1700,2350,20,2021-01,Waltham,02452,15636,99747,Waltham_02452
3,3150,2500,5500,8,2021-01,Waltham,02452,15636,99747,Waltham_02452
4,4300,4300,4300,1,2021-01,Waltham,02452,15636,99747,Waltham_02452
5,5575,4950,6200,2,2021-01,Waltham,02452,15636,99747,Waltham_02452
0,1681.33,1495,1841,3,2021-02,Waltham,02452,15636,99747,Waltham_02452
1,1674.76,1200,2300,21,2021-02,Waltham,02452,15636,99747,Waltham_02452
2,1942.38,1650,2300,21,2021-02,Waltham,02452,15636,99747,Waltham_02452
3,2860,2600,3100,5,2021-02,Waltham,02452,15636,99747,Waltham_02452
4,5200,4300,6000,3,2021-02,Waltham,02452,15636,99747,Waltham_02452
5,5550,4950,6200,3,2021-02,Waltham,02452,15636,99747,Waltham_02452
0,1767.33,1510,1974,3,2021-03,Waltham,02452,15636,99747,Waltham_02452
1,1648.53,1200,2250,17,2021-03,Waltham,02452,15636,99747,Waltham_02452
2,1890.31,1650,2300,16,2021-03,Waltham,02452,15636,99747,Waltham_02452
3,2860,2600,3100,5,2021-03,Waltham,02452,15636,99747,Waltham_02452
4,5200,4300,6000,3,2021-03,Waltham,02452,15636,99747,Waltham_02452
5,5550,4950,6200,3,2021-03,Waltham,02452,15636,99747,Waltham_02452
0,1951,1735,2335,3,2021-04,Waltham,02452,15636,99747,Waltham_02452
1,1663.64,1200,2250,11,2021-04,Waltham,02452,15636,99747,Waltham_02452
2,1897.5,1650,2300,10,2021-04,Waltham,02452,15636,99747,Waltham_02452
3,2633.33,2400,2900,3,2021-04,Waltham,02452,15636,99747,Waltham_02452
4,5650,5300,6000,2,2021-04,Waltham,02452,15636,99747,Waltham_02452
5,5225,4950,5500,2,2021-04,Waltham,02452,15636,99747,Waltham_02452
0,1838.33,1642,2143,3,2021-05,Waltham,02452,15636,99747,Waltham_02452
1,1733.33,1200,2500,12,2021-05,Waltham,02452,15636,99747,Waltham_02452
2,1897.5,1650,2300,10,2021-05,Waltham,02452,15636,99747,Waltham_02452
3,2633.33,2400,2900,3,2021-05,Waltham,02452,15636,99747,Waltham_02452
4,5650,5300,6000,2,2021-05,Waltham,02452,15636,99747,Waltham_02452
5,5225,4950,5500,2,2021-05,Waltham,02452,15636,99747,Waltham_02452
0,1901.67,1595,2468,3,2021-06,Waltham,02452,15636,99747,Waltham_02452
1,1715.38,1200,2500,13,2021-06,Waltham,02452,15636,99747,Waltham_02452
2,1927.08,1700,2300,12,2021-06,Waltham,02452,15636,99747,Waltham_02452
3,2633.33,2400,2900,3,2021-06,Waltham,02452,15636,99747,Waltham_02452
4,5650,5300,6000,2,2021-06,Waltham,02452,15636,99747,Waltham_02452
5,5650,4950,6500,3,2021-06,Waltham,02452,15636,99747,Waltham_02452
0,2051.33,1642,2442,3,2021-11,Waltham,02452,15636,99747,Waltham_02452
1,2464.55,1650,3169,31,2021-11,Waltham,02452,15636,99747,Waltham_02452
2,3021.44,1900,4279,45,2021-11,Waltham,02452,15636,99747,Waltham_02452
3,3300.83,2400,5500,6,2021-11,Waltham,02452,15636,99747,Waltham_02452
5,5500,5500,5500,1,2021-11,Waltham,02452,15636,99747,Waltham_02452
0,2064.67,1642,2417,3,2021-12,Waltham,02452,15636,99747,Waltham_02452
1,2377.38,1500,3169,40,2021-12,Waltham,02452,15636,99747,Waltham_02452
2,3045.25,1900,4356,61,2021-12,Waltham,02452,15636,99747,Waltham_02452
3,3180,2400,5500,7,2021-12,Waltham,02452,15636,99747,Waltham_02452
5,5500,5500,5500,1,2021-12,Waltham,02452,15636,99747,Waltham_02452
0,2057.33,1642,2345,3,2021-10,Waltham,02452,15636,99747,Waltham_02452
1,2323.74,1500,3169,38,2021-10,Waltham,02452,15636,99747,Waltham_02452
2,2868.99,1900,4444,71,2021-10,Waltham,02452,15636,99747,Waltham_02452
3,3172.14,2400,5500,7,2021-10,Waltham,02452,15636,99747,Waltham_02452
4,4666.67,3100,6900,3,2021-10,Waltham,02452,15636,99747,Waltham_02452
5,5500,5500,5500,1,2021-10,Waltham,02452,15636,99747,Waltham_02452
0,2057.33,1642,2345,3,2021-09,Waltham,02452,15636,99747,Waltham_02452
1,2302.62,1500,3169,39,2021-09,Waltham,02452,15636,99747,Waltham_02452
2,2828.64,1750,4444,75,2021-09,Waltham,02452,15636,99747,Waltham_02452
3,3172.14,2400,5500,7,2021-09,Waltham,02452,15636,99747,Waltham_02452
4,4666.67,3100,6900,3,2021-09,Waltham,02452,15636,99747,Waltham_02452
5,5833.33,5500,6500,3,2021-09,Waltham,02452,15636,99747,Waltham_02452
0,2057.33,1642,2345,3,2021-08,Waltham,02452,15636,99747,Waltham_02452
1,2302.62,1500,3169,39,2021-08,Waltham,02452,15636,99747,Waltham_02452
2,2828.64,1750,4444,75,2021-08,Waltham,02452,15636,99747,Waltham_02452
3,3172.14,2400,5500,7,2021-08,Waltham,02452,15636,99747,Waltham_02452
4,4666.67,3100,6900,3,2021-08,Waltham,02452,15636,99747,Waltham_02452
5,5833.33,5500,6500,3,2021-08,Waltham,02452,15636,99747,Waltham_02452
0,2057.33,1642,2345,3,2021-07,Waltham,02452,15636,99747,Waltham_02452
1,2281.3,1450,3169,40,2021-07,Waltham,02452,15636,99747,Waltham_02452
2,2828.64,1750,4444,75,2021-07,Waltham,02452,15636,99747,Waltham_02452
3,3075.63,2400,5500,8,2021-07,Waltham,02452,15636,99747,Waltham_02452
4,4666.67,3100,6900,3,2021-07,Waltham,02452,15636,99747,Waltham_02452
5,5833.33,5500,6500,3,2021-07,Waltham,02452,15636,99747,Waltham_02452
0,1921.75,1100,2397,4,2022-01,Waltham,02452,15636,99747,Waltham_02452
1,2430.37,1500,3169,43,2022-01,Waltham,02452,15636,99747,Waltham_02452
2,3071.25,1900,4480,68,2022-01,Waltham,02452,15636,99747,Waltham_02452
3,2896.11,2400,3605,9,2022-01,Waltham,02452,15636,99747,Waltham_02452
5,5500,5500,5500,1,2022-01,Waltham,02452,15636,99747,Waltham_02452
0,1968.25,1100,2613,4,2022-02,Waltham,02452,15636,99747,Waltham_02452
1,2409.51,1500,3169,47,2022-02,Waltham,02452,15636,99747,Waltham_02452
2,3054.75,1850,4480,79,2022-02,Waltham,02452,15636,99747,Waltham_02452
3,2873.89,2400,3605,9,2022-02,Waltham,02452,15636,99747,Waltham_02452
4,3200,3200,3200,1,2022-02,Waltham,02452,15636,99747,Waltham_02452
5,5000,4500,5500,2,2022-02,Waltham,02452,15636,99747,Waltham_02452
0,2065.2,1100,2496,5,2022-03,Waltham,02452,15636,99747,Waltham_02452
1,2436.98,1500,3090,49,2022-03,Waltham,02452,15636,99747,Waltham_02452
2,3027.94,1850,4480,90,2022-03,Waltham,02452,15636,99747,Waltham_02452
3,3167.86,2400,4715,7,2022-03,Waltham,02452,15636,99747,Waltham_02452
4,3900,3200,5000,3,2022-03,Waltham,02452,15636,99747,Waltham_02452
5,5000,4500,5500,2,2022-03,Waltham,02452,15636,99747,Waltham_02452
0,2063.4,1100,2547,5,2022-04,Waltham,02452,15636,99747,Waltham_02452
1,2450.18,1500,3215,44,2022-04,Waltham,02452,15636,99747,Waltham_02452
2,2941.68,1850,4480,84,2022-04,Waltham,02452,15636,99747,Waltham_02452
3,2987.86,2400,4715,7,2022-04,Waltham,02452,15636,99747,Waltham_02452
4,4650,3200,6900,4,2022-04,Waltham,02452,15636,99747,Waltham_02452
5,5166.67,4500,5500,3,2022-04,Waltham,02452,15636,99747,Waltham_02452
0,2297,1950,2825,5,2022-05,Waltham,02452,15636,99747,Waltham_02452
1,2409.75,1500,3090,57,2022-05,Waltham,02452,15636,99747,Waltham_02452
2,3108.04,1850,4480,100,2022-05,Waltham,02452,15636,99747,Waltham_02452
3,3289.38,2400,4725,8,2022-05,Waltham,02452,15636,99747,Waltham_02452
4,4650,3200,6900,4,2022-05,Waltham,02452,15636,99747,Waltham_02452
5,5166.67,4500,5500,3,2022-05,Waltham,02452,15636,99747,Waltham_02452
0,2100.5,1100,2903,6,2022-06,Waltham,02452,15636,99747,Waltham_02452
1,2433.39,1500,3090,59,2022-06,Waltham,02452,15636,99747,Waltham_02452
2,3116.53,1850,4200,108,2022-06,Waltham,02452,15636,99747,Waltham_02452
3,3595.77,2400,4725,13,2022-06,Waltham,02452,15636,99747,Waltham_02452
4,5133.33,3500,6900,3,2022-06,Waltham,02452,15636,99747,Waltham_02452
5,6666.67,4500,10000,3,2022-06,Waltham,02452,15636,99747,Waltham_02452
0,2096.33,1100,2838,6,2022-07,Waltham,02452,15636,99747,Waltham_02452
1,2401.41,1300,3495,64,2022-07,Waltham,02452,15636,99747,Waltham_02452
2,3102.31,2000,4200,137,2022-07,Waltham,02452,15636,99747,Waltham_02452
3,3652.38,2400,4850,21,2022-07,Waltham,02452,15636,99747,Waltham_02452
4,5475,3500,6900,4,2022-07,Waltham,02452,15636,99747,Waltham_02452
5,6666.67,4500,10000,3,2022-07,Waltham,02452,15636,99747,Waltham_02452
0,2240.43,1100,2945,7,2022-08,Waltham,02452,15636,99747,Waltham_02452
1,2452.45,1300,3801,64,2022-08,Waltham,02452,15636,99747,Waltham_02452
2,3028.76,2000,4200,147,2022-08,Waltham,02452,15636,99747,Waltham_02452
3,3691.9,2400,4725,21,2022-08,Waltham,02452,15636,99747,Waltham_02452
4,5000,3500,6500,2,2022-08,Waltham,02452,15636,99747,Waltham_02452
5,7750,5500,10000,2,2022-08,Waltham,02452,15636,99747,Waltham_02452
0,2420.6,1950,2945,5,2022-09,Waltham,02452,15636,99747,Waltham_02452
1,2577.48,1300,4194,63,2022-09,Waltham,02452,15636,99747,Waltham_02452
2,3047.04,2000,4936,145,2022-09,Waltham,02452,15636,99747,Waltham_02452
3,3726.59,2600,4800,22,2022-09,Waltham,02452,15636,99747,Waltham_02452
4,5000,3500,6500,2,2022-09,Waltham,02452,15636,99747,Waltham_02452
5,10000,10000,10000,1,2022-09,Waltham,02452,15636,99747,Waltham_02452
0,2447.17,1950,2945,6,2022-10,Waltham,02452,15636,99747,Waltham_02452
1,2559.29,1300,5539,76,2022-10,Waltham,02452,15636,99747,Waltham_02452
2,3108.61,2050,5671,145,2022-10,Waltham,02452,15636,99747,Waltham_02452
3,3636.74,2600,4620,23,2022-10,Waltham,02452,15636,99747,Waltham_02452
4,6500,6500,6500,1,2022-10,Waltham,02452,15636,99747,Waltham_02452
0,2460.5,1950,2945,6,2022-11,Waltham,02452,15636,99747,Waltham_02452
1,2618.01,1300,5980,67,2022-11,Waltham,02452,15636,99747,Waltham_02452
2,2994.04,2050,5358,124,2022-11,Waltham,02452,15636,99747,Waltham_02452
3,3667.5,3000,4500,16,2022-11,Waltham,02452,15636,99747,Waltham_02452
4,6500,6500,6500,1,2022-11,Waltham,02452,15636,99747,Waltham_02452